<?xml version="1.0" encoding="UTF-8"?> 
<project>                                  
  <executable name="AVR128DB48_Code.elf">                 
    <memory name="program">              
      <units>bytes</units>                 
      <length>131072</length>                 
      <used>1026</used>                     
      <free>130046</free>                     
    </memory>                              
    <memory name="data">                 
      <units>bytes</units>                 
      <length>16384</length>                 
      <used>6</used>                     
      <free>16378</free>                     
    </memory>                              
  </executable>                            
</project>                                 
